State,Year,Pi-km,Pi-ks,Pi-z,Pi-ta Pi-ta2 Ptr,pi-d,Pi-b,Pi-a,Pi-i
AR,1960,0.0000,0.4440,0.0010,0.0000,0.0000,0.0000,0.0010,0.9394
AR,1961,0.0000,0.4440,0.0010,0.0000,0.0000,0.0000,0.0010,0.9394
AR,1962,0.0000,0.4440,0.0010,0.0000,0.0000,0.0000,0.0010,0.9394
AR,1963,0.0000,0.4440,0.0010,0.0000,0.0000,0.0000,0.0010,0.9394
AR,1964,0.0011,0.4439,0.0018,0.0000,0.0004,0.0000,0.0022,0.9380
AR,1965,0.0023,0.4327,0.0022,0.0000,0.0008,0.0000,0.0030,0.9707
AR,1966,0.0032,0.4296,0.0025,0.0000,0.0011,0.0000,0.0036,0.9510
AR,1967,0.0119,0.3693,0.0032,0.0000,0.0087,0.0000,0.0692,0.8925
AR,1968,0.0324,0.2845,0.0084,0.0000,0.0241,0.0000,0.2657,0.5429
AR,1969,0.0363,0.2687,0.0156,0.0000,0.0207,0.0000,0.1172,0.3278
AR,1970,0.0225,0.2392,0.0133,0.0000,0.0092,0.0000,0.0838,0.2310
AR,1971,0.0121,0.2493,0.0093,0.0000,0.0061,0.0000,0.0465,0.2121
AR,1972,0.0090,0.2723,0.0095,0.0000,0.0060,0.0000,0.0451,0.2225
AR,1973,0.0280,0.2986,0.0201,0.0000,0.0159,0.0000,0.1044,0.2138
AR,1974,0.0437,0.3114,0.0613,0.0000,0.0371,0.0000,0.1098,0.2066
AR,1975,0.0534,0.3194,0.0869,0.0000,0.0503,0.0000,0.1131,0.2021
AR,1976,0.2476,0.2939,0.0870,0.0000,0.2456,0.0000,0.0652,0.1518
AR,1977,0.3436,0.2528,0.0775,0.0000,0.3426,0.0000,0.0171,0.1073
AR,1978,0.3341,0.2346,0.1293,0.0000,0.3335,0.0000,0.0097,0.0591
AR,1979,0.3089,0.2358,0.1756,0.0000,0.3086,0.0000,0.0048,0.0292
AR,1980,0.2670,0.3053,0.2989,0.0000,0.2670,0.0000,0.0000,0.0000
AR,1981,0.1589,0.3304,0.3212,0.0000,0.1571,0.0000,0.0000,0.0000
AR,1982,0.1559,0.3244,0.3154,0.0000,0.1518,0.0000,0.0000,0.0000
AR,1983,0.2219,0.3701,0.3552,0.0000,0.2130,0.0000,0.0000,0.0000
AR,1984,0.3054,0.2801,0.2598,0.0000,0.2132,0.0000,0.0000,0.0000
AR,1985,0.8500,0.1181,0.0840,0.0000,0.1787,0.0000,0.0000,0.0000
AR,1986,0.8217,0.1675,0.0753,0.0000,0.1281,0.0000,0.0000,0.0000
AR,1987,0.7359,0.2531,0.1170,0.0011,0.1850,0.0000,0.0000,0.0000
AR,1988,0.6423,0.3450,0.1008,0.0019,0.3135,0.0000,0.0000,0.0000
AR,1989,0.7202,0.2647,0.0979,0.0030,0.2738,0.0000,0.0000,0.0000
AR,1990,0.6305,0.3394,0.1199,0.0551,0.2346,0.0000,0.0000,0.0000
AR,1991,0.5711,0.3714,0.1352,0.1288,0.1764,0.0000,0.0000,0.0000
AR,1992,0.3841,0.3834,0.1149,0.2189,0.1806,0.0000,0.0000,0.0000
AR,1993,0.2548,0.3622,0.1437,0.2194,0.1553,0.0000,0.0000,0.0000
AR,1994,0.2122,0.4168,0.2266,0.1919,0.1867,0.0000,0.0000,0.0000
AR,1995,0.6147,0.2439,0.1542,0.1347,0.1646,0.0000,0.0000,0.0000
AR,1996,0.7197,0.2296,0.2254,0.3433,0.0950,0.0000,0.0000,0.0000
AR,1997,0.7543,0.2152,0.1852,0.3703,0.1167,0.0000,0.0000,0.0000
AR,1998,0.4821,0.5032,0.1541,0.4508,0.1363,0.0000,0.0000,0.0000
AR,1999,0.4651,0.5244,0.2309,0.4014,0.1859,0.0000,0.0000,0.0000
AR,2000,0.5054,0.4854,0.2083,0.3072,0.1138,0.0007,0.0000,0.0000
AR,2001,0.7682,0.2259,0.0942,0.1471,0.0640,0.0012,0.0000,0.0000
AR,2002,0.8213,0.1739,0.0974,0.0858,0.0388,0.0020,0.0000,0.0000
AR,2003,0.7820,0.1519,0.1175,0.0384,0.0309,0.0020,0.0000,0.0000
AR,2004,0.7416,0.1386,0.1050,0.0256,0.0100,0.0013,0.0000,0.0000
AR,2005,0.7283,0.1040,0.0686,0.0574,0.0021,0.0006,0.0000,0.0150
AR,2006,0.6300,0.1775,0.0936,0.0448,0.0025,0.0000,0.0000,0.0454
AR,2007,0.6271,0.1917,0.0899,0.0483,0.0013,0.0000,0.0000,0.0578
AR,2008,0.4410,0.2417,0.0201,0.0232,0.0004,0.0000,0.0000,0.1735
AR,2009,0.2930,0.3605,0.0368,0.0175,0.0000,0.0000,0.0000,0.2061
AR,2010,0.2928,0.5043,0.0288,0.0199,0.0000,0.0000,0.0000,0.0986
AR,2011,0.2561,0.6045,0.0208,0.0930,0.0000,0.0000,0.0000,0.0836
AR,2012,0.1409,0.6325,0.0150,0.0253,0.0000,0.0000,0.0000,0.1500
AR,2013,0.0910,0.7354,0.0119,0.0107,0.0000,0.0000,0.0000,0.1028
AR,2014,0.1379,0.7619,0.0036,0.0071,0.0000,0.0000,0.0000,0.0599
AR,2015,0.1698,0.7421,0.0152,0.0078,0.0000,0.0000,0.0000,0.0448
AR,2016,0.1702,0.7274,0.0227,0.0065,0.0000,0.0000,0.0000,0.0514
AR,2017,0.0864,0.6596,0.0515,0.0100,0.0000,0.0000,0.0000,0.0465
AR,2018,0.0865,0.6589,0.0516,0.0100,0.0000,0.0000,0.0000,0.0466
LA,1960,0.0222,0.4274,0.0684,0.0000,0.0222,0.0000,0.0337,0.8413
LA,1961,0.0415,0.4273,0.0713,0.0000,0.0415,0.0000,0.0066,0.8185
LA,1962,0.0535,0.5072,0.0846,0.0000,0.0531,0.0000,0.0038,0.8082
LA,1963,0.0717,0.5988,0.1170,0.0000,0.0710,0.0000,0.0007,0.7686
LA,1964,0.0881,0.6418,0.1194,0.0000,0.0871,0.0000,0.0017,0.7485
LA,1965,0.1134,0.6528,0.1102,0.0000,0.0992,0.0000,0.0025,0.7324
LA,1966,0.4112,0.6981,0.3828,0.0000,0.1054,0.0000,0.0031,0.4309
LA,1967,0.5243,0.6898,0.4541,0.0000,0.1408,0.0000,0.0576,0.3079
LA,1968,0.5840,0.7139,0.5222,0.0000,0.1303,0.0000,0.0712,0.2216
LA,1969,0.6017,0.6763,0.5303,0.0000,0.1497,0.0000,0.0856,0.1742
LA,1970,0.5812,0.6673,0.5124,0.0000,0.1621,0.0000,0.0361,0.1594
LA,1971,0.5223,0.6251,0.4611,0.0000,0.1689,0.0000,0.0236,0.1575
LA,1972,0.4758,0.6250,0.4183,0.0000,0.1785,0.0000,0.0126,0.1957
LA,1973,0.4720,0.6927,0.4722,0.0000,0.1638,0.0000,0.0103,0.1873
LA,1974,0.4748,0.6831,0.4621,0.0000,0.1775,0.0000,0.0100,0.1807
LA,1975,0.4774,0.6742,0.4526,0.0000,0.1902,0.0000,0.0096,0.1745
LA,1976,0.4539,0.6195,0.4406,0.0000,0.2125,0.0000,0.0081,0.1323
LA,1977,0.4559,0.6153,0.4383,0.0000,0.2192,0.0000,0.0080,0.1296
LA,1978,0.4578,0.6113,0.4361,0.0000,0.2256,0.0000,0.0078,0.1270
LA,1979,0.4596,0.6074,0.4340,0.0000,0.2318,0.0000,0.0076,0.1245
LA,1980,0.4614,0.6037,0.4320,0.0000,0.2377,0.0000,0.0075,0.1221
LA,1981,0.4630,0.6001,0.4300,0.0000,0.2434,0.0000,0.0073,0.1198
LA,1982,0.4605,0.5907,0.4215,0.0000,0.2546,0.0000,0.0072,0.1175
LA,1983,0.4580,0.5812,0.4129,0.0000,0.2659,0.0000,0.0070,0.1152
LA,1984,0.4554,0.5715,0.4042,0.0000,0.2773,0.0000,0.0069,0.1128
LA,1985,0.4528,0.5617,0.3954,0.0000,0.2889,0.0000,0.0068,0.1104
LA,1986,0.4478,0.5542,0.3874,0.0000,0.2956,0.0000,0.0067,0.1100
LA,1987,0.4426,0.5463,0.3790,0.0000,0.3026,0.0000,0.0067,0.1095
LA,1988,0.4371,0.5380,0.3701,0.0000,0.3101,0.0000,0.0067,0.1090
LA,1989,0.4313,0.5292,0.3607,0.0000,0.3179,0.0000,0.0066,0.1085
LA,1990,0.4252,0.5200,0.3509,0.0000,0.3262,0.0000,0.0066,0.1080
LA,1991,0.3273,0.5188,0.3598,0.0000,0.2177,0.0000,0.0069,0.1134
LA,1992,0.3290,0.4302,0.3072,0.0000,0.2353,0.0000,0.0056,0.0919
LA,1993,0.2900,0.4749,0.3497,0.0000,0.1839,0.0000,0.0060,0.0986
LA,1994,0.4088,0.4035,0.2994,0.0173,0.1002,0.0000,0.0053,0.0871
LA,1995,0.5568,0.2739,0.1619,0.0391,0.0662,0.0000,0.0058,0.0949
LA,1996,0.5863,0.2599,0.1413,0.0656,0.0491,0.0000,0.0062,0.1018
LA,1997,0.6168,0.2256,0.1142,0.0436,0.0492,0.0000,0.0059,0.0970
LA,1998,0.6754,0.1898,0.0914,0.0082,0.0583,0.0000,0.0052,0.0858
LA,1999,0.6986,0.1921,0.1029,0.0040,0.0531,0.0000,0.0048,0.0788
LA,2000,0.7192,0.1769,0.0887,0.0079,0.0437,0.0000,0.0048,0.0792
LA,2001,0.7457,0.1577,0.0717,0.0120,0.0327,0.0000,0.0048,0.0786
LA,2002,0.7522,0.1542,0.0753,0.0163,0.0243,0.0000,0.0047,0.0768
LA,2003,0.7081,0.1888,0.0966,0.0129,0.0242,0.0000,0.0053,0.0860
LA,2004,0.7338,0.1732,0.0871,0.0063,0.0212,0.0000,0.0048,0.0787
LA,2005,0.7083,0.2165,0.0877,0.0000,0.0243,0.0000,0.0051,0.0835
LA,2006,0.6735,0.2750,0.0951,0.0000,0.0222,0.0000,0.0052,0.0848
LA,2007,0.6288,0.3481,0.1085,0.0000,0.0196,0.0000,0.0053,0.0860
LA,2008,0.5938,0.3630,0.1191,0.0000,0.0157,0.0000,0.0051,0.0828
LA,2009,0.4803,0.4619,0.0995,0.0000,0.0157,0.0000,0.0051,0.0831
LA,2010,0.3431,0.5655,0.1150,0.0000,0.0191,0.0000,0.0062,0.1011
LA,2011,0.2559,0.5840,0.1044,0.0000,0.0195,0.0000,0.0063,0.1032
LA,2012,0.1747,0.6390,0.0779,0.0000,0.0172,0.0000,0.0056,0.0910
LA,2013,0.1434,0.6609,0.0582,0.0000,0.0135,0.0000,0.0044,0.0713
LA,2014,0.0956,0.8242,0.0438,0.0000,0.0108,0.0000,0.0035,0.0572
LA,2015,0.1223,0.7810,0.0419,0.0000,0.0114,0.0000,0.0037,0.0605
LA,2016,0.1200,0.7734,0.0483,0.0000,0.0132,0.0000,0.0043,0.0700
LA,2017,0.1139,0.7537,0.0650,0.0000,0.0178,0.0000,0.0058,0.0944
LA,2018,0.0595,0.5763,0.2150,0.0000,0.0595,0.0000,0.0193,0.3147
MS,1960,0.1795,0.0676,0.0099,0.0000,0.1256,0.0000,0.0099,0.7799
MS,1961,0.2711,0.0707,0.0081,0.0000,0.1897,0.0000,0.0081,0.6658
MS,1962,0.3256,0.0491,0.0079,0.0000,0.2278,0.0000,0.0070,0.5969
MS,1963,0.3744,0.0223,0.0056,0.0000,0.2619,0.0000,0.0040,0.5399
MS,1964,0.4305,0.0229,0.0059,0.0000,0.2999,0.0000,0.0022,0.4733
MS,1965,0.4699,0.0323,0.0046,0.0000,0.3292,0.0000,0.0101,0.4389
MS,1966,0.4798,0.0287,0.0049,0.0000,0.3375,0.0000,0.0172,0.4333
MS,1967,0.5162,0.0147,0.0025,0.0000,0.3663,0.0000,0.0881,0.3306
MS,1968,0.5157,0.0122,0.0020,0.0000,0.3699,0.0000,0.1203,0.1990
MS,1969,0.5283,0.0123,0.0018,0.0000,0.3700,0.0000,0.0507,0.1205
MS,1970,0.5671,0.0071,0.0016,0.0000,0.3962,0.0000,0.0398,0.0485
MS,1971,0.5832,0.0048,0.0014,0.0000,0.4075,0.0000,0.0344,0.0475
MS,1972,0.5935,0.0078,0.0012,0.0000,0.4147,0.0000,0.0201,0.0280
MS,1973,0.5845,0.0111,0.0007,0.0000,0.4085,0.0000,0.0300,0.0136
MS,1974,0.5644,0.0753,0.0665,0.0000,0.4006,0.0000,0.0257,0.0113
MS,1975,0.5491,0.1248,0.1171,0.0000,0.3947,0.0000,0.0228,0.0098
MS,1976,0.4929,0.1503,0.1446,0.0000,0.3578,0.0000,0.0222,0.0079
MS,1977,0.5033,0.1456,0.1402,0.0000,0.3647,0.0000,0.0215,0.0075
MS,1978,0.5130,0.1413,0.1360,0.0000,0.3711,0.0000,0.0209,0.0071
MS,1979,0.5222,0.1372,0.1320,0.0000,0.3772,0.0000,0.0202,0.0067
MS,1980,0.5309,0.1333,0.1283,0.0000,0.3829,0.0000,0.0197,0.0064
MS,1981,0.5391,0.1296,0.1247,0.0000,0.3883,0.0000,0.0191,0.0061
MS,1982,0.5512,0.1241,0.1194,0.0000,0.3963,0.0000,0.0183,0.0058
MS,1983,0.5629,0.1188,0.1143,0.0000,0.4040,0.0000,0.0175,0.0055
MS,1984,0.5742,0.1136,0.1093,0.0000,0.4115,0.0000,0.0168,0.0053
MS,1985,0.5851,0.1086,0.1045,0.0000,0.4187,0.0000,0.0160,0.0051
MS,1986,0.5886,0.1063,0.1023,0.0000,0.4209,0.0000,0.0157,0.0050
MS,1987,0.5921,0.1040,0.1001,0.0000,0.4232,0.0000,0.0153,0.0049
MS,1988,0.5957,0.1016,0.0978,0.0000,0.4255,0.0000,0.0150,0.0047
MS,1989,0.5993,0.0992,0.0954,0.0000,0.4278,0.0000,0.0146,0.0046
MS,1990,0.6030,0.0967,0.0931,0.0000,0.4302,0.0000,0.0143,0.0045
MS,1991,0.5428,0.1050,0.1011,0.0000,0.4443,0.0000,0.0155,0.0049
MS,1992,0.6247,0.0867,0.0834,0.0000,0.5179,0.0000,0.0128,0.0040
MS,1993,0.6017,0.0953,0.0917,0.0028,0.4962,0.0000,0.0141,0.0044
MS,1994,0.7232,0.0820,0.0789,0.0051,0.5902,0.0000,0.0121,0.0038
MS,1995,0.7211,0.0815,0.0784,0.0079,0.5390,0.0000,0.0120,0.0038
MS,1996,0.6865,0.1014,0.0978,0.0543,0.4758,0.0000,0.0150,0.0047
MS,1997,0.7222,0.0909,0.0879,0.0292,0.5304,0.0000,0.0134,0.0070
MS,1998,0.7680,0.0786,0.0761,0.0545,0.5858,0.0000,0.0116,0.0087
MS,1999,0.6468,0.0684,0.0779,0.0121,0.5769,0.0000,0.0101,0.0101
MS,2000,0.6552,0.0687,0.0749,0.0087,0.4248,0.0002,0.0101,0.0096
MS,2001,0.6720,0.0668,0.0694,0.0047,0.2480,0.0005,0.0098,0.0087
MS,2002,0.6894,0.0648,0.0636,0.0006,0.0638,0.0007,0.0095,0.0078
MS,2003,0.7037,0.0678,0.0685,0.0004,0.0553,0.0005,0.0099,0.0041
MS,2004,0.7320,0.0647,0.0662,0.0002,0.0391,0.0003,0.0095,0.0082
MS,2005,0.6907,0.0782,0.0698,0.0000,0.0221,0.0000,0.0101,0.0087
MS,2006,0.6919,0.0916,0.0727,0.0000,0.0220,0.0000,0.0104,0.0073
MS,2007,0.6872,0.1070,0.0756,0.0000,0.0216,0.0000,0.0106,0.0056
MS,2008,0.6848,0.1480,0.0744,0.0000,0.0210,0.0000,0.0108,0.0034
MS,2009,0.6162,0.1940,0.0797,0.0000,0.0231,0.0000,0.0118,0.0037
MS,2010,0.5762,0.2743,0.0645,0.0000,0.0193,0.0000,0.0099,0.0031
MS,2011,0.3098,0.4698,0.0974,0.0000,0.0292,0.0000,0.0149,0.0047
MS,2012,0.2287,0.4963,0.1254,0.0000,0.0376,0.0000,0.0192,0.0061
MS,2013,0.2547,0.4245,0.1453,0.0000,0.0435,0.0000,0.0223,0.0070
MS,2014,0.2575,0.4758,0.1260,0.0000,0.0377,0.0000,0.0193,0.0061
MS,2015,0.2604,0.5284,0.1063,0.0000,0.0318,0.0000,0.0163,0.0051
MS,2016,0.2156,0.5540,0.1284,0.0000,0.0385,0.0000,0.0197,0.0062
MS,2017,0.1955,0.5168,0.1603,0.0000,0.0480,0.0000,0.0246,0.0078
MS,2018,0.0956,0.3315,0.3192,0.0000,0.0956,0.0000,0.0489,0.0154
TX,1960,0.0429,0.2272,0.0186,0.0005,0.0429,0.0000,0.0106,0.9457
TX,1961,0.0782,0.2633,0.0171,0.0008,0.0782,0.0000,0.0064,0.9054
TX,1962,0.1021,0.4369,0.0150,0.0011,0.1021,0.0000,0.0028,0.8774
TX,1963,0.1338,0.5900,0.0149,0.0014,0.1338,0.0000,0.0014,0.8385
TX,1964,0.2153,0.6388,0.0304,0.0021,0.2008,0.0000,0.0038,0.7409
TX,1965,0.3134,0.5974,0.0486,0.0030,0.2798,0.0000,0.0068,0.6275
TX,1966,0.3166,0.4153,0.0548,0.0029,0.2744,0.0000,0.2477,0.3835
TX,1967,0.2666,0.2304,0.0263,0.0023,0.2488,0.0000,0.5235,0.2345
TX,1968,0.2861,0.1753,0.0164,0.0020,0.2763,0.0000,0.6118,0.2429
TX,1969,0.2994,0.1472,0.0102,0.0025,0.2969,0.0000,0.5931,0.1974
TX,1970,0.3170,0.1952,0.0187,0.0029,0.3109,0.0000,0.5039,0.2126
TX,1971,0.3239,0.1628,0.0284,0.0031,0.3207,0.0000,0.5029,0.1628
TX,1972,0.3358,0.2118,0.0389,0.0033,0.3345,0.0000,0.4243,0.1951
TX,1973,0.2699,0.4789,0.3354,0.0027,0.2652,0.0000,0.2332,0.1587
TX,1974,0.2996,0.4592,0.3208,0.0027,0.2951,0.0000,0.2229,0.1516
TX,1975,0.3268,0.4412,0.3074,0.0028,0.3225,0.0000,0.2134,0.1452
TX,1976,0.3254,0.6282,0.5903,0.0027,0.3215,0.0000,0.0293,0.0370
TX,1977,0.3349,0.6184,0.5811,0.0028,0.3312,0.0000,0.0289,0.0364
TX,1978,0.3441,0.6089,0.5721,0.0029,0.3405,0.0000,0.0284,0.0359
TX,1979,0.3531,0.5997,0.5634,0.0031,0.3496,0.0000,0.0280,0.0353
TX,1980,0.3617,0.5907,0.5550,0.0032,0.3584,0.0000,0.0276,0.0348
TX,1981,0.3701,0.5820,0.5468,0.0033,0.3669,0.0000,0.0271,0.0342
TX,1982,0.3831,0.5687,0.5343,0.0034,0.3800,0.0000,0.0265,0.0334
TX,1983,0.3962,0.5552,0.5217,0.0036,0.3932,0.0000,0.0259,0.0326
TX,1984,0.4093,0.5417,0.5091,0.0037,0.4064,0.0000,0.0252,0.0318
TX,1985,0.4225,0.5282,0.4964,0.0039,0.4196,0.0000,0.0246,0.0310
TX,1986,0.4280,0.5222,0.4908,0.0041,0.4252,0.0000,0.0243,0.0306
TX,1987,0.4338,0.5159,0.4850,0.0043,0.4309,0.0000,0.0240,0.0302
TX,1988,0.4397,0.5094,0.4789,0.0046,0.4369,0.0000,0.0236,0.0298
TX,1989,0.4458,0.5027,0.4727,0.0048,0.4431,0.0000,0.0233,0.0294
TX,1990,0.4521,0.4958,0.4662,0.0050,0.4495,0.0000,0.0230,0.0290
TX,1991,0.3685,0.4698,0.4419,0.0051,0.3650,0.0000,0.0217,0.0274
TX,1992,0.3785,0.4703,0.4425,0.0054,0.3740,0.0000,0.0217,0.0273
TX,1993,0.3879,0.4937,0.4662,0.0052,0.3816,0.0000,0.0225,0.0283
TX,1994,0.4534,0.4483,0.4246,0.0043,0.3796,0.0000,0.0204,0.0258
TX,1995,0.4873,0.4605,0.4383,0.0040,0.1997,0.0000,0.0212,0.0268
TX,1996,0.4748,0.4785,0.4576,0.0442,0.1741,0.0000,0.0221,0.0279
TX,1997,0.4858,0.4697,0.4517,0.0447,0.1634,0.0000,0.0218,0.0275
TX,1998,0.5089,0.4535,0.5525,0.0081,0.2781,0.0000,0.0211,0.0267
TX,1999,0.4958,0.4646,0.5132,0.0121,0.2455,0.0003,0.0217,0.0274
TX,2000,0.5014,0.4596,0.4873,0.0100,0.1837,0.0007,0.0215,0.0271
TX,2001,0.5125,0.4483,0.4533,0.0077,0.1152,0.0011,0.0210,0.0269
TX,2002,0.5038,0.4553,0.4678,0.0169,0.0768,0.0195,0.0214,0.0277
TX,2003,0.4736,0.4801,0.4799,0.0126,0.0665,0.0022,0.0225,0.0297
TX,2004,0.5022,0.4578,0.4556,0.0063,0.0669,0.0005,0.0211,0.0268
TX,2005,0.4644,0.4948,0.4929,0.0008,0.0785,0.0004,0.0222,0.0354
TX,2006,0.3410,0.6235,0.5858,0.0020,0.0725,0.0002,0.0271,0.0418
TX,2007,0.3687,0.5799,0.5457,0.0028,0.0605,0.0000,0.0237,0.0441
TX,2008,0.3435,0.5657,0.5337,0.0019,0.0530,0.0000,0.0219,0.0492
TX,2009,0.2762,0.5673,0.5661,0.0010,0.0473,0.0000,0.0210,0.0461
TX,2010,0.2105,0.6436,0.5603,0.0000,0.0497,0.0000,0.0220,0.0473
TX,2011,0.2079,0.5877,0.6099,0.0000,0.0452,0.0000,0.0200,0.0418
TX,2012,0.1748,0.6164,0.6043,0.0000,0.0451,0.0000,0.0200,0.0401
TX,2013,0.1509,0.6568,0.6231,0.0000,0.0505,0.0000,0.0224,0.0417
TX,2014,0.1044,0.7440,0.6137,0.0000,0.0563,0.0000,0.0249,0.0416
TX,2015,0.0916,0.7145,0.6970,0.0000,0.0609,0.0000,0.0270,0.0426
TX,2016,0.0922,0.7319,0.7109,0.0000,0.0646,0.0000,0.0286,0.0436
TX,2017,0.0936,0.7661,0.7382,0.0000,0.0719,0.0000,0.0318,0.0457
TX,2018,0.0966,0.8653,0.8097,0.0000,0.0919,0.0000,0.0407,0.0514
