Sample,Decade,State,Most Likely Population,Subpop 1,Subpop 2,Subpop 3,Subpop 4,Subpop 5
02_2,2000's,AR,1,1,0,0,0,0
09A1,2000's,AR,3,0,0,0.6173,0.3463,0.0364
09A15,2000's,AR,3,0,0,0.5122,0.3941,0.0937
09A17,2000's,AR,5,0,0,0.0956,0.2323,0.6721
09A3,2000's,AR,5,0,0,0.0956,0.2323,0.6721
09A33,2000's,AR,3,0,0,0.6272,0.3412,0.0316
09A41,2000's,AR,2,0,1,0,0,0
09A42,2000's,AR,2,0,1,0,0,0
09A46,2000's,AR,3,0,0,0.4589,0.4118,0.1293
09A50,2000's,AR,3,0,0,0.557,0.3782,0.0648
09A57,2000's,AR,3,0,0,0.5425,0.3852,0.0723
09A6,2000's,AR,3,0,0,0.5092,0.4041,0.0867
09A62,2000's,AR,3,0,0,0.4589,0.4118,0.1293
09A69,2000's,AR,3,0,0,0.4589,0.4118,0.1293
09A77,2000's,AR,3,0,0,0.5794,0.3631,0.0574
09A8,2000's,AR,4,0,0,0.4184,0.4203,0.1613
09U1,2000's,LA,4,0,0,0.4184,0.4203,0.1613
09U2,2000's,LA,3,0,0,0.5722,0.3698,0.058
12A1,2010's,AR,3,0,0,0.5852,0.3676,0.0472
12A10,2010's,AR,3,0,0,0.5404,0.3889,0.0708
12A12,2010's,AR,5,0,0,0.104,0.2424,0.6535
12A14,2010's,AR,3,0,0,0.9007,0.0988,5e-04
12A15,2010's,AR,5,0,0,0.0956,0.2323,0.6721
12A16,2010's,AR,5,0,0,0.1052,0.2469,0.6479
12A17,2010's,AR,5,0,0,0.1052,0.2469,0.6479
12A18,2010's,AR,3,0,0,0.736,0.2534,0.0106
12A2,2010's,AR,3,0,0,0.5852,0.3676,0.0472
12A20,2010's,AR,3,0,0,0.5404,0.3889,0.0708
12A22,2010's,AR,3,0,0,0.4511,0.4133,0.1356
12A23,2010's,AR,5,0,0,0.0956,0.2323,0.6721
12A25,2010's,AR,3,0,0,0.5454,0.3867,0.0679
12A26,2010's,AR,3,0,0,0.5374,0.3819,0.0807
12A27,2010's,AR,5,0,0,0.0956,0.2323,0.6721
12A28,2010's,AR,3,0,0,0.6173,0.3463,0.0364
12A3,2010's,AR,3,0,0,0.5852,0.3676,0.0472
12A30,2010's,AR,3,0,0,0.5454,0.3867,0.0679
12A32,2010's,AR,3,0,0,0.6173,0.3463,0.0364
12A33,2010's,AR,3,0,0,0.6272,0.3412,0.0316
12A34,2010's,AR,3,0,0,0.6173,0.3463,0.0364
12A35,2010's,AR,5,0,0,0.104,0.2424,0.6535
12A36,2010's,AR,3,0,0,0.4656,0.4227,0.1117
12A37,2010's,AR,3,0,0,0.4311,0.4181,0.1508
12A4,2010's,AR,3,0,0,0.5852,0.3676,0.0472
12A46,2010's,AR,3,0,0,0.4311,0.4181,0.1508
12A48,2010's,AR,3,0,0,0.628,0.3374,0.0346
12A5,2010's,AR,3,0,0,0.5852,0.3676,0.0472
12A51,2010's,AR,1,1,0,0,0,0
12A55,2010's,AR,3,0,0,0.6173,0.3463,0.0364
12A56,2010's,AR,3,0,0,0.6361,0.3325,0.0314
12A6,2010's,AR,3,0,0,0.6851,0.2841,0.0308
12A63,2010's,AR,3,0,0,0.5852,0.3676,0.0472
12A7,2010's,AR,3,0,0,0.6176,0.3237,0.0587
12A8,2010's,AR,3,0,0,0.5852,0.3676,0.0472
12L1,2010's,LA,3,0,0,0.5667,0.3743,0.0591
12L2,2010's,LA,3,0,0,0.5667,0.3743,0.0591
12T1,2010's,TX,3,0,0,0.6851,0.2841,0.0308
12T3,2010's,TX,3,0,0,0.5852,0.3676,0.0472
12T6,2010's,TX,3,0,0,0.5852,0.3676,0.0472
12T8,2010's,TX,3,0,0,0.5852,0.3676,0.0472
12T9,2010's,TX,3,0,0,0.5852,0.3676,0.0472
14A1_1,2010's,AR,5,0,0,0.0956,0.2323,0.6721
14A1_10,2010's,AR,5,0,0,0.0956,0.2323,0.6721
14A10_1,2010's,AR,5,0,0,0.104,0.2424,0.6535
14A11_2,2010's,AR,5,0,0,0.104,0.2424,0.6535
14A13_3,2010's,AR,3,0,0,0.5292,0.3919,0.079
14A15_2,2010's,AR,5,0,0,0.0722,0.1874,0.7404
14A18_6,2010's,AR,3,0,0,0.9318,0.0681,1e-04
14A2_2,2010's,AR,5,0,0,0.0812,0.2035,0.7153
14A20_1,2010's,AR,5,0,0,0.104,0.2424,0.6535
14A22_1,2010's,AR,3,0,0,0.6173,0.3463,0.0364
14A23_4,2010's,AR,5,0,0,0.0956,0.2323,0.6721
14A24_1,2010's,AR,3,0,0,0.5542,0.3768,0.069
14A25_1,2010's,AR,5,0,0,0.0956,0.2323,0.6721
14A27_6,2010's,AR,3,0,0,0.5092,0.4041,0.0867
14A28_1,2010's,AR,3,0,0,0.6143,0.3449,0.0408
14A29_3,2010's,AR,5,0,0,0.0956,0.2323,0.6721
14A30_6,2010's,AR,3,0,0,0.519,0.4,0.081
14A308_2,2010's,AR,3,0,0,0.5454,0.3867,0.0679
14A315_1,2010's,AR,3,0,0,0.5894,0.3664,0.0442
14A33_2,2010's,AR,3,0,0,0.5542,0.3768,0.069
14A34_1,2010's,AR,5,0,0,0.079,0.1968,0.7242
14A36_1,2010's,AR,3,0,0,0.609,0.3527,0.0383
14A38_2,2010's,AR,5,0,0,0.0754,0.2065,0.7181
14A4_1,2010's,AR,3,0,0,0.656,0.3222,0.0218
14A40_2,2010's,AR,3,0,0,0.628,0.3374,0.0346
14A41_1,2010's,AR,5,0,0,0.0956,0.2323,0.6721
14A42_2,2010's,AR,3,0,0,0.4311,0.4181,0.1508
14A44_3,2010's,AR,3,0,0,0.4948,0.3993,0.1059
14A448_2,2010's,AR,5,0,0,0.0956,0.2323,0.6721
14A45_2,2010's,AR,3,0,0,0.5852,0.3676,0.0472
14A50_1,2010's,AR,4,0,0,0.4029,0.4249,0.1721
14A53_3,2010's,AR,5,0,0,0.0111,0.0668,0.9221
14A54_2,2010's,AR,3,0,0,0.4438,0.4154,0.1408
14A55_2,2010's,AR,3,0,0,0.5608,0.3784,0.0608
14A6_1,2010's,AR,4,0,0,0.3812,0.4286,0.1902
14A63_1,2010's,AR,2,0,1,0,0,0
14A7_3,2010's,AR,3,0,0,0.5894,0.3664,0.0442
14A73_2,2010's,AR,3,0,0,0.6173,0.3463,0.0364
14A73_3,2010's,AR,3,0,0,0.6173,0.3463,0.0364
14A76_1,2010's,AR,3,0,0,0.5852,0.3676,0.0472
14A8_1,2010's,AR,5,0,0,0,0,1
14A9_1,2010's,AR,5,0,0,0.0956,0.2323,0.6721
14L10_2,2010's,LA,5,0,0,0.0956,0.2323,0.6721
14L100_1,2010's,LA,5,0,0,0.1914,0.3275,0.4811
14L106_2,2010's,LA,5,0,0,0.0819,0.2137,0.7043
14L108_1,2010's,LA,5,0,0,0.0956,0.2323,0.6721
14L110_1,2010's,LA,5,0,0,0.0899,0.2192,0.6909
14L112_2,2010's,LA,5,0,0,0.0754,0.2065,0.7181
14L112_3,2010's,LA,5,0,0,0.049,0.1565,0.7945
14L116_1,2010's,LA,5,0,0,0.0561,0.1642,0.7796
14L119_1,2010's,LA,3,0,0,0.4878,0.2862,0.226
14L121_1,2010's,LA,3,0,0,0.6056,0.3496,0.0448
14L13_2,2010's,LA,5,0,0,0.0956,0.2323,0.6721
14L14_1,2010's,LA,5,0,0,0.0513,0.1489,0.7998
14L15_1,2010's,LA,5,0,0,0.0956,0.2323,0.6721
14L2_1,2010's,LA,5,0,0,0.0956,0.2323,0.6721
14L20_3,2010's,LA,4,0,0,0.4029,0.4249,0.1721
14L21_1,2010's,LA,5,0,0,0.0956,0.2323,0.6721
14L22_1,2010's,LA,3,0,0,0.557,0.3782,0.0648
14L23_1,2010's,LA,5,0,0,0.0722,0.1874,0.7404
14L24_1,2010's,LA,5,0,0,0.0754,0.2065,0.7181
14L27_1,2010's,LA,3,0,0,0.557,0.3782,0.0648
14L33_1,2010's,LA,5,0,0,0.0754,0.2065,0.7181
14L35_2,2010's,LA,5,0,0,0.0013,0.0164,0.9823
14L37_1,2010's,LA,5,0,0,0.0754,0.2065,0.7181
14L39_1,2010's,LA,3,0,0,0.521,0.396,0.0829
14L4_1,2010's,LA,5,0,0,0.0754,0.2065,0.7181
14L41_3,2010's,LA,5,0,0,0.0956,0.2323,0.6721
14L42_3,2010's,LA,3,0,0,0.557,0.3782,0.0648
14L43,2010's,LA,5,0,0,0.0754,0.2065,0.7181
14L48_4,2010's,LA,3,0,0,0.6272,0.3412,0.0316
14L49_2,2010's,LA,3,0,0,0.5092,0.4041,0.0867
14L50_1,2010's,LA,3,0,0,0.557,0.3782,0.0648
14L51_2,2010's,LA,3,0,0,0.6038,0.3525,0.0437
14L69_1,2010's,LA,3,0,0,0.5454,0.3867,0.0679
14L7_1,2010's,LA,5,0,0,0.0754,0.2065,0.7181
14L70_1,2010's,LA,3,0,0,0.557,0.3782,0.0648
14L71_1,2010's,LA,3,0,0,0.5887,0.356,0.0553
14L74_3,2010's,LA,3,0,0,0.5852,0.3676,0.0472
14L8_1,2010's,LA,3,0,0,0.5852,0.3676,0.0472
14L81,2010's,LA,5,0,0,0.0956,0.2323,0.6721
14L82_1,2010's,LA,3,0,0,0.557,0.3782,0.0648
14L89_2,2010's,LA,3,0,0,0.557,0.3782,0.0648
14L9_3,2010's,LA,5,0,0,0.0956,0.2323,0.6721
14L90_4,2010's,LA,5,0,0,0.0956,0.2323,0.6721
14L94_2,2010's,LA,5,0,0,0.0864,0.214,0.6996
14L95_1,2010's,LA,3,0,0,0.5323,0.3935,0.0742
14L97_1,2010's,LA,5,0,0,0.0722,0.1874,0.7404
14L98_3,2010's,LA,5,0,0,0.0675,0.1759,0.7567
14L99_1,2010's,LA,5,0,0,0.0956,0.2323,0.6721
14T2_4,2010's,TX,3,0,0,0.4511,0.4138,0.1351
14T5,2010's,TX,5,0,0,0.0656,0.2129,0.7215
15A1_1,2010's,AR,5,0,0,0.079,0.1968,0.7242
15A10_1,2010's,AR,3,0,0,0.4474,0.414,0.1386
15A11_2,2010's,AR,3,0,0,0.5852,0.3676,0.0472
15A12_2,2010's,AR,5,0,0,0.0722,0.1874,0.7404
15A13_2,2010's,AR,3,0,0,0.5454,0.3867,0.0679
15A15_2,2010's,AR,4,0,0,0.4106,0.4179,0.1715
15A16_1,2010's,AR,5,0,0,0.104,0.2424,0.6535
15A17_1,2010's,AR,5,0,0,0.104,0.2424,0.6535
15A2_1,2010's,AR,5,0,0,0.0025,0.0166,0.9809
15A23_2,2010's,AR,5,0,0,0.0665,0.1706,0.7629
15A25_1,2010's,AR,5,0,0,0.0665,0.1706,0.7629
15A25_3,2010's,AR,3,0,0,0.656,0.3222,0.0218
15A27_1,2010's,AR,3,0,0,0.5092,0.4041,0.0867
15A29_1,2010's,AR,3,0,0,0.9776,0.0224,0
15A29_5,2010's,AR,3,0,0,0.5542,0.3768,0.069
15A3_1,2010's,AR,5,0,0,0.092,0.2207,0.6873
15A30_1,2010's,AR,5,0,0,0.1131,0.2448,0.642
15A4,2010's,AR,3,0,0,0.5964,0.3587,0.0449
15A5_2,2010's,AR,5,0,0,0.0722,0.1874,0.7404
15A6_3,2010's,AR,5,0,0,0.0956,0.2323,0.6721
15A7_3,2010's,AR,3,0,0,0.5894,0.3664,0.0442
15A7_4,2010's,AR,5,0,0,0.0956,0.2323,0.6721
15A8_1,2010's,AR,3,0,0,0.557,0.3782,0.0648
15A9_1,2010's,AR,3,0,0,0.5852,0.3676,0.0472
15L1_2,2010's,LA,3,0,0,0.5608,0.3784,0.0608
15L1_4,2010's,LA,3,0,0,0.5608,0.3784,0.0608
15L10_3,2010's,LA,5,0,0,0.0722,0.1874,0.7404
15L13_1,2010's,LA,3,0,0,0.5852,0.3676,0.0472
15L15_1,2010's,LA,5,0,0,0.104,0.2424,0.6535
15L15_5,2010's,LA,5,0,0,0.104,0.2424,0.6535
15L17_1,2010's,LA,3,0,0,0.6407,0.3281,0.0312
15L18_1,2010's,LA,3,0,0,0.4945,0.4121,0.0934
15L21_1,2010's,LA,3,0,0,0.5092,0.4041,0.0867
15L22_2,2010's,LA,4,0,0,0.4072,0.44,0.1528
15L22_3,2010's,LA,3,0,0,0.5667,0.3743,0.0591
15L24_1,2010's,LA,3,0,0,0.5608,0.3784,0.0608
15L24_3,2010's,LA,3,0,0,0.4307,0.4143,0.1551
15L26_1,2010's,LA,3,0,0,0.4307,0.4143,0.1551
15L27_1,2010's,LA,3,0,0,0.5092,0.4041,0.0867
15L27_2,2010's,LA,3,0,0,0.9664,0.0336,0
15L28_2,2010's,LA,3,0,0,0.5092,0.4041,0.0867
15L3_1,2010's,LA,3,0,0,0.5852,0.3676,0.0472
15L6_2,2010's,LA,3,0,0,0.5852,0.3676,0.0472
15T1_1,2010's,TX,3,0,0,0.4674,0.4117,0.1209
6_18,2000's,AR,1,1,0,0,0,0
6_2,2000's,AR,1,1,0,0,0,0
6_20,2000's,AR,1,1,0,0,0,0
6_21,2000's,AR,1,1,0,0,0,0
6_25,2000's,AR,1,1,0,0,0,0
6_27,2000's,AR,1,1,0,0,0,0
6_29,2000's,AR,1,1,0,0,0,0
6_35,2000's,AR,1,1,0,0,0,0
6_4,2000's,AR,1,1,0,0,0,0
60/1,1990's,AR,3,0,0,0.5159,0.4081,0.0761
60/1_5,1990's,AR,3,0,0,0.5159,0.4081,0.0761
75A10,1970's,AR,3,0,0,0.4585,0.4099,0.1316
75A32,1970's,AR,3,0,0,0.455,0.412,0.1329
75L14,1970's,LA,2,0,1,0,0,0
75L5,1970's,LA,2,0,1,0,0,0
75T85,1970's,TX,3,0,0,0.4626,0.4193,0.1181
76L1,1970's,LA,3,0,0,0.4948,0.3993,0.1059
77L19,1970's,LA,3,0,0,0.4585,0.4099,0.1316
78A1,1970's,AR,5,0,0,0,4e-04,0.9995
78T6,1970's,TX,1,1,0,0,0,0
79A2,1970's,AR,1,1,0,0,0,0
79T4,1970's,TX,3,0,0,0.5188,0.4183,0.0629
80F1,1980's,TX,3,0,0,0.5803,0.3633,0.0564
80T1,1980's,TX,3,0,0,0.5041,0.4163,0.0796
81L12,1980's,LA,3,0,0,0.4626,0.4193,0.1181
81L31,1980's,LA,5,0,0,1e-04,8e-04,0.9991
81T3,1980's,TX,3,0,0,0.543,0.402,0.0549
82A1,1980's,AR,3,0,0,0.4626,0.4193,0.1181
83T33,1980's,TX,3,0,0,0.4961,0.424,0.0799
85L1,1980's,LA,3,0,0,0.4961,0.424,0.0799
85M5,1980's,MS,5,0,0,0.0861,0.2125,0.7014
90A30,1990's,AR,2,0,1,0,0,0
91A31,1990's,AR,2,0,1,0,0,0
91A7,1990's,AR,2,0,1,0,0,0
91L5,1990's,LA,3,0,0,0.4777,0.4153,0.107
91T19,1990's,TX,2,0,1,0,0,0
91T20,1990's,TX,2,0,1,0,0,0
91T21,1990's,TX,2,0,1,0,0,0
91T40,1990's,TX,2,0,1,0,0,0
92A14,1990's,AR,3,0,0,0.5425,0.3852,0.0723
92A8_2,1990's,AR,2,0,1,0,0,0
92L1_2,1990's,LA,3,0,0,0.4777,0.4153,0.107
92L3_1,1990's,LA,3,0,0,0.5777,0.3557,0.0667
92M11,1990's,MS,1,1,0,0,0,0
92M14,1990's,MS,2,0,1,0,0,0
92M4,1990's,MS,2,0,1,0,0,0
92MO1_1,1990's,AR,2,0,1,0,0,0
92T10,1990's,TX,1,1,0,0,0,0
92T102_1,1990's,TX,1,1,0,0,0,0
92T14,1990's,TX,2,0,1,0,0,0
92T40,1990's,TX,2,0,1,0,0,0
92T50,1990's,TX,2,0,1,0,0,0
92T78,1990's,TX,3,0,0,0.4777,0.4153,0.107
92T81,1990's,TX,1,1,0,0,0,0
93A1,1990's,AR,2,0,1,0,0,0
93A12,1990's,AR,3,0,0,0.5894,0.3664,0.0442
93A15,1990's,AR,3,0,0,0.5159,0.4081,0.0761
93A29,1990's,AR,3,0,0,0.5083,0.4213,0.0703
93A33,1990's,LA,3,0,0,0.4867,0.4087,0.1046
93A34,1990's,LA,3,0,0,0.5031,0.3993,0.0977
93L12,1990's,LA,3,0,0,0.4656,0.4227,0.1117
93L35,1990's,LA,3,0,0,0.5257,0.3971,0.0772
93L8_1,1990's,TX,3,0,0,0.5366,0.3875,0.0759
93M17,1990's,MS,1,1,0,0,0,0
94A20,1990's,AR,3,0,0,0.4311,0.4181,0.1508
94A8_2,1990's,AR,1,1,0,0,0,0
94F14,1990's,TX,1,1,0,0,0,0
94F20,1990's,TX,1,1,0,0,0,0
94L1_2,1990's,LA,3,0,0,0.4626,0.4193,0.1181
94L2,1990's,LA,3,0,0,0.4463,0.4166,0.1371
94L36_3,1990's,LA,3,0,0,0.4777,0.4153,0.107
94M1_1,1990's,MS,1,1,0,0,0,0
94M10,1990's,MS,2,0,1,0,0,0
94T1_3,1990's,TX,1,1,0,0,0,0
94T2_2,1990's,TX,2,0,1,0,0,0
94T3_3,1990's,TX,2,0,1,0,0,0
94T5_2,1990's,TX,3,0,0,0.444,0.4153,0.1407
94T66,1990's,TX,1,1,0,0,0,0
94T72_1,1990's,TX,2,0,1,0,0,0
94T74_2,1990's,TX,2,0,1,0,0,0
94T75_4,1990's,TX,3,0,0,0.5058,0.402,0.0922
95A1,1990's,AR,3,0,0,0.5548,0.382,0.0633
95A7,1990's,AR,1,1,0,0,0,0
95A8,1990's,AR,1,1,0,0,0,0
95F10,1990's,TX,3,0,0,0.5425,0.3852,0.0723
95F12,1990's,TX,3,0,0,0.5425,0.3852,0.0723
95F2,1990's,TX,4,0,0,0.3443,0.4383,0.2173
96A12,1990's,AR,3,0,0,0.5035,0.4083,0.0882
96A13,1990's,AR,1,1,0,0,0,0
96A18,1990's,AR,3,0,0,0.382,0.3699,0.248
96A19,1990's,AR,3,0,0,0.5035,0.4083,0.0882
96A26,1990's,AR,1,1,0,0,0,0
96A33,1990's,AR,1,1,0,0,0,0
96A35,1990's,AR,3,0,0,0.5035,0.4083,0.0882
96A37,1990's,AR,1,1,0,0,0,0
96A42,1990's,AR,1,1,0,0,0,0
96A8,1990's,AR,1,1,0,0,0,0
B1,2000's,AR,1,1,0,0,0,0
B3,2000's,AR,1,1,0,0,0,0
CF2,2000's,AR,1,1,0,0,0,0
R23,2000's,AR,1,1,0,0,0,0
R30,2000's,AR,1,1,0,0,0,0
SSID_10,2010's,AR,5,0,0,0.0467,0.1216,0.8316
SSID_11,2010's,AR,5,0,0,0.0956,0.2323,0.6721
SSID_116,2010's,LA,3,0,0,0.4311,0.4181,0.1508
SSID_118,2010's,AR,3,0,0,0.4511,0.4133,0.1356
SSID_119,2010's,AR,3,0,0,0.4992,0.4021,0.0987
SSID_12,2010's,AR,5,0,0,0.0539,0.1473,0.7988
SSID_120,2010's,AR,5,0,0,0.0956,0.2323,0.6721
SSID_121,2010's,AR,5,0,0,0.0956,0.2323,0.6721
SSID_122,2010's,AR,3,0,0,0.5454,0.3867,0.0679
SSID_123,2010's,LA,3,0,0,0.5667,0.3743,0.0591
SSID_124,2010's,LA,3,0,0,0.5667,0.3743,0.0591
SSID_125,2010's,TX,3,0,0,0.5092,0.4041,0.0867
SSID_126,2010's,AR,5,0,0,0.0887,0.2131,0.6981
SSID_127,2010's,AR,5,0,0,0,6e-04,0.9994
SSID_128,2010's,TX,5,0,0,0.0956,0.2323,0.6721
SSID_129,2010's,TX,3,0,0,0.5149,0.3927,0.0924
SSID_13,2010's,AR,5,0,0,0.0956,0.2323,0.6721
SSID_130,2010's,AR,5,0,0,0.0956,0.2323,0.6721
SSID_131,2010's,AR,5,0,0,0.0956,0.2323,0.6721
SSID_132,2010's,AR,5,0,0,0.0956,0.2323,0.6721
SSID_133,2010's,LA,3,0,0,0.5922,0.36,0.0479
SSID_134,2010's,LA,3,0,0,0.9699,0.0301,0
SSID_135,2010's,AR,3,0,0,0.628,0.3374,0.0346
SSID_15,2010's,LA,3,0,0,0.5945,0.3583,0.0471
SSID_16,2010's,LA,3,0,0,0.6341,0.3267,0.0392
SSID_17,2010's,LA,3,0,0,0.7285,0.2514,0.02
SSID_18,2010's,LA,3,0,0,0.5714,0.3698,0.0588
SSID_19,2010's,LA,3,0,0,0.5092,0.4041,0.0867
SSID_20,2010's,LA,3,0,0,0.5714,0.3698,0.0588
SSID_21,2010's,LA,3,0,0,0.6361,0.3325,0.0314
SSID_22,2010's,LA,3,0,0,0.5608,0.3784,0.0608
SSID_23,2010's,AR,3,0,0,0.5035,0.4083,0.0882
SSID_24,2010's,AR,3,0,0,0.6272,0.3412,0.0316
SSID_25,2010's,AR,3,0,0,0.4311,0.4181,0.1508
SSID_26,2010's,AR,3,0,0,0.5035,0.4083,0.0882
SSID_27,2010's,TX,3,0,0,0.5149,0.3927,0.0924
SSID_29,2010's,TX,3,0,0,0.5149,0.3927,0.0924
SSID_30,2010's,LA,3,0,0,0.5667,0.3743,0.0591
SSID_31,2010's,TX,3,0,0,0.5149,0.3927,0.0924
SSID_32,2010's,TX,3,0,0,0.5149,0.3927,0.0924
SSID_33,2010's,LA,3,0,0,0.5667,0.3743,0.0591
SSID_34,2010's,LA,3,0,0,0.5667,0.3743,0.0591
SSID_35,2010's,LA,3,0,0,0.5667,0.3743,0.0591
SSID_36,2010's,LA,4,0,0,0.2496,0.3998,0.3506
SSID_37,2010's,LA,3,0,0,0.5667,0.3743,0.0591
SSID_38,2010's,AR,5,0,0,0.104,0.2424,0.6535
SSID_39,2010's,AR,5,0,0,0.0956,0.2323,0.6721
SSID_40,2010's,AR,5,0,0,0.0819,0.2137,0.7043
SSID_41,2010's,LA,3,0,0,0.5454,0.3867,0.0679
SSID_42,2010's,LA,3,0,0,0.6361,0.3325,0.0314
SSID_43,2010's,AR,5,0,0,0.0956,0.2323,0.6721
SSID_45,2010's,LA,3,0,0,0.5667,0.3743,0.0591
SSID_46,2010's,LA,3,0,0,0.6732,0.3081,0.0187
SSID_47,2010's,LA,5,0,0,0.0567,0.1561,0.7872
SSID_48,2010's,AR,5,0,0,0.0467,0.1216,0.8316
SSID_49,2010's,AR,5,0,0,0.0956,0.2323,0.6721
SSID_50,2010's,LA,3,0,0,0.5667,0.3743,0.0591
SSID_51,2010's,AR,5,0,0,0.0956,0.2323,0.6721
SSID_52,2010's,LA,3,0,0,0.5852,0.3676,0.0472
SSID_53,2010's,LA,3,0,0,0.5454,0.3867,0.0679
SSID_54,2010's,TX,3,0,0,0.5092,0.4041,0.0867
SSID_55,2010's,LA,3,0,0,0.5667,0.3743,0.0591
SSID_56,2010's,AR,5,0,0,0.0956,0.2323,0.6721
SSID_57,2010's,LA,3,0,0,0.5667,0.3743,0.0591
SSID_58,2010's,LA,3,0,0,0.5722,0.3698,0.058
SSID_59,2010's,AR,5,0,0,0.0819,0.2137,0.7043
SSID_60,2010's,LA,3,0,0,0.5667,0.3743,0.0591
SSID_61,2010's,LA,3,0,0,0.5667,0.3743,0.0591
SSID_62,2010's,LA,3,0,0,0.5667,0.3743,0.0591
SSID_63,2010's,TX,3,0,0,0.5149,0.3927,0.0924
SSID_65,2010's,LA,3,0,0,0.5667,0.3743,0.0591
SSID_66,2010's,LA,3,0,0,0.6373,0.3357,0.027
SSID_67,2010's,LA,3,0,0,0.6373,0.3357,0.027
SSID_68,2010's,AR,5,0,0,0.104,0.2424,0.6535
SSID_69,2010's,AR,5,0,0,0.0819,0.2137,0.7043
SSID_71,2010's,AR,3,0,0,0.5454,0.3867,0.0679
SSID_72,2010's,AR,3,0,0,0.5454,0.3867,0.0679
SSID_73,2010's,TX,3,0,0,0.9134,0.0845,0.0021
SSID_74,2010's,LA,3,0,0,0.5667,0.3743,0.0591
SSID_76,2010's,TX,3,0,0,0.5149,0.3927,0.0924
SSID_77,2010's,TX,3,0,0,0.5149,0.3927,0.0924
SSID_89,2010's,AR,3,0,0,0.5369,0.2795,0.1836
TM2,2000's,TX,1,1,0,0,0,0
ZN57,1990's,AR,3,0,0,0.4589,0.4118,0.1293
ZN61,1990's,AR,2,0,1,0,0,0
